さとう	佐藤
すずき	鈴木
たかはし	高橋
たなか	田中
いとう	伊藤|伊東
わたなべ	渡辺|渡邊|渡邉
やまもと	山本
なかむら	中村
こばやし	小林
かとう	加藤
よしだ	吉田
やまだ	山田
ささき	佐々木
やまぐち	山口
まつもと	松本
いのうえ	井上
きむら	木村
はやし	林
さいとう	斎藤|齋藤|斉藤|齊藤
しみず	清水
やまざき	山崎|山﨑
やまさき	山崎|山﨑
もり	森
いけだ	池田
はしもと	橋本
あべ	阿部|安部
いしかわ	石川
やました	山下
なかじま	中島
なかしま	中島
いしだ	石田
おがわ	小川
まえだ	前田
ふじた	藤田
おかだ	岡田
ごとう	後藤
はせがわ	長谷川
むらかみ	村上
こんどう	近藤
いしい	石井
さかもと	坂本
えんどう	遠藤
あおき	青木
ふじい	藤井
にしむら	西村
ふくだ	福田
おおた	太田
みうら	三浦
おかもと	岡本
まつだ	松田
なかがわ	中川
なかの	中野
はらだ	原田
おの	小野
たむら	田村
たけうち	竹内
かねこ	金子
わだ	和田
なかやま	中山
いしばし	石橋
いわた	岩田
いしづか	石塚
うえだ	上田|植田
もりた	森田
はら	原
しばた	柴田
さかい	酒井|坂井
くどう	工藤
よこやま	横山
みやざき	宮崎|宮﨑
みやさき	宮崎
みやもと	宮本
うちだ	内田
たかぎ	高木
やすだ	安田
たにぐち	谷口
おおの	大野
まるやま	丸山
いまい	今井
たかだ	高田
たかた	高田
ふじわら	藤原
たけだ	武田|竹田
むらた	村田
うえの	上野
すぎやま	杉山
ますだ	増田
こじま	小島
おおつか	大塚
ひらの	平野
すがわら	菅原
くぼ	久保
まつい	松井
ちば	千葉
いわさき	岩崎
さくらい	桜井|櫻井
きのした	木下
のぐち	野口
まつお	松尾
のむら	野村
きくち	菊地|菊池
さの	佐野
おおにし	大西
すぎもと	杉本
あらい	新井|荒井
ふるかわ	古川
はまだ	浜田|濱田
みずの	水野
おのでら	小野寺
こまつ	小松
たかの	高野
かわさき	川崎
いちかわ	市川
ひらた	平田
たかやま	高山
よしはら	吉原
やすい	安井
ふるた	古田
なかた	中田
なかだ	中田
かわぐち	川口
かわかみ	川上
やすかわ	安川
ほり	堀
ほりえ	堀江
ほりうち	堀内
ほりかわ	堀川
おおはし	大橋
いいだ	飯田
つじ	辻
くぼた	久保田
やの	矢野
せき	関
とみた	富田|冨田
とみだ	富田
もりもと	森本
いわもと	岩本
なかにし	中西
あきやま	秋山
ながい	永井|長井
まつおか	松岡
たぐち	田口
こいけ	小池
ふくしま	福島
まつした	松下
つちや	土屋
いしはら	石原
つじもと	辻本
よしおか	吉岡
ばば	馬場
おおくぼ	大久保
おおさわ	大沢|大澤
おおいし	大石
おおもり	大森
おおしま	大島
おおたに	大谷
こにし	小西
おがた	緒方|尾形
あらき	荒木
まつむら	松村
くろだ	黒田
おざわ	小沢|小澤
おさわ	小沢
おぜき	小関
あさの	浅野
むらやま	村山
もちづき	望月
たかお	高尾
ひろせ	広瀬|廣瀬
ながた	永田
ないとう	内藤
たじま	田島
たしま	田島
たなべ	田辺|田邊
まつうら	松浦
やすなが	安永
よしむら	吉村
かわむら	川村|河村
かわしま	川島
かわい	河合|川合|河井
かわだ	川田
かわた	川田
かわの	河野
こうの	河野
ひらい	平井
みうら	三浦
みた	三田
さんだ	三田
みき	三木
みやけ	三宅
みなみ	南
みやした	宮下
みやた	宮田
みやうち	宮内
はぎわら	萩原
いとだ	糸田
おおうち	大内
ながしま	長島
ながさわ	長沢|長澤
おかざき	岡崎
くぼやま	久保山
くわはら	桑原
くわばら	桑原
たかやなぎ	高柳
みやかわ	宮川
はやかわ	早川
よしの	吉野
よしもと	吉本
ふくい	福井
ふくもと	福本
ふくおか	福岡
たけもと	竹本
たけなか	竹中
たけした	竹下
うちやま	内山
かたやま	片山
かたおか	片岡
のだ	野田
まえかわ	前川
まえはら	前原
まき	牧
まきの	牧野
まきた	牧田
むらい	村井
むらまつ	村松
のざわ	野沢|野澤
よしなが	吉永
よしかわ	吉川
きっかわ	吉川
まつなが	松永
まつやま	松山
まつざき	松崎
うちむら	内村
うちの	内野
いわい	岩井
いわさわ	岩沢|岩澤
せきぐち	関口
せきね	関根
しまだ	島田
おおば	大場|大庭
あだち	足立
ほんだ	本田
ひぐち	樋口
やまうち	山内
やまかわ	山川
やまなか	山中
とみなが	富永|冨永
よこた	横田
よこい	横井
よこかわ	横川
よこがわ	横川
こやま	小山
おやま	小山
はらぐち	原口
はまだ	浜田|濱田
はまぐち	浜口|濱口
はまもと	浜本
やまね	山根
にしだ	西田
にしお	西尾
にしやま	西山
にしかわ	西川
にしおか	西岡
にしたに	西谷
はっとり	服部
さわだ	沢田|澤田
のなか	野中
さかぐち	坂口
うすい	臼井
うえはら	上原
とよだ	豊田
とよた	豊田
やぎ	八木
やぐち	矢口
ひがし	東
あずま	東
きたむら	北村
きたがわ	北川
きたじま	北島
きたやま	北山
かなざわ	金沢|金澤
かなやま	金山
こんの	今野
はた	秦|畑
はたの	波多野|畑野
ひがしの	東野
みずたに	水谷
かみや	神谷
こだま	児玉
おおやま	大山
こばた	小畑
おばた	小畑
おかむら	岡村
くりはら	栗原
しらいし	白石
くろかわ	黒川
いがらし	五十嵐
いからし	五十嵐
とよしま	豊島
としま	豊島
えみた	えみた
えみ	絵美|恵美|えみ
まき	真紀|真希|まき
ゆき	由紀|由希|ゆき
ゆうこ	優子|裕子|祐子|ゆうこ
ようこ	陽子|洋子|ようこ
けいこ	恵子|啓子|けいこ
あきこ	明子|晶子|あきこ
なおこ	直子|尚子|なおこ
ひろこ	裕子|弘子|寛子|ひろこ
みほ	美穂|美保|みほ
みき	美紀|美樹|みき
あや	彩|綾|あや
あやか	彩花|綾香|あやか
さやか	清香|さやか
かおり	香織|香|かおり
かおる	薫|かおる
みさき	美咲|みさき
ゆい	結衣|唯|ゆい
さくら	桜|さくら
はるか	遥|春香|はるか
たろう	太郎|たろう
じろう	次郎|二郎|じろう
たけし	武|毅|健|たけし
たかし	隆|孝|崇|たかし
ひろし	浩|博|宏|ひろし
まさと	真人|正人|まさと
まこと	誠|真|まこと
けんじ	健二|賢治|けんじ
しんじ	真司|慎二|しんじ
ゆうた	優太|悠太|ゆうた
しょうた	翔太|しょうた
だいすけ	大輔|大介|だいすけ
こうじ	浩司|康二|こうじ
ひでき	秀樹|英樹|ひでき
なおき	直樹|尚樹|なおき
あきら	明|亮|晃|あきら
りょう	涼|遼|亮|りょう
けんた	健太|けんた
